{
  "base_acc": 0.038461538461538464,
  "tta_acc": 0.11538461538461539
}