{
  "bias": [
    3.4392659664154053,
    3.015177011489868,
    -12.624433517456055,
    2.6962890625,
    3.473998785018921
  ],
  "before": {
    "acc": 0.0,
    "nll": 1.9806692380847057
  },
  "after": {
    "acc": 0.3076923076923077,
    "nll": 1.4672185613135196
  }
}